{
    "cam3": {
        "asset_transform": [
            [
                1.0,
                0.0,
                0.0,
                0.0
            ],
            [
                0.0,
                1.0,
                0.0,
                0.0
            ],
            [
                0.0,
                0.0,
                1.0,
                0.0
            ],
            [
                0.0,
                0.0,
                0.0,
                1.0
            ]
        ],
        "intrinsic": [
            [
                1019.2476806640625,
                0.0,
                935.3206374703441,
                0.0
            ],
            [
                0.0,
                1119.861083984375,
                574.1117509877076,
                0.0
            ],
            [
                0.0,
                0.0,
                1.0,
                0.0
            ],
            [
                0.0,
                0.0,
                0.0,
                1.0
            ]
        ],
        "extrinsic": [
            [
                0.693607,
                -0.301773,
                0.654096,
                -2.54745
            ],
            [
                0.311505,
                0.944383,
                0.105378,
                -0.432022
            ],
            [
                -0.649518,
                0.130663,
                0.749035,
                0.885521
            ],
            [
                0.0,
                0.0,
                0.0,
                1.0
            ]
        ],
        "width": 1920,
        "height": 1200
    },
    "cam2": {
        "asset_transform": [
            [
                1.0,
                0.0,
                0.0,
                0.0
            ],
            [
                0.0,
                1.0,
                0.0,
                0.0
            ],
            [
                0.0,
                0.0,
                1.0,
                0.0
            ],
            [
                0.0,
                0.0,
                0.0,
                1.0
            ]
        ],
        "intrinsic": [
            [
                1030.4703369140625,
                0.0,
                952.470381286963,
                0.0
            ],
            [
                0.0,
                1130.74658203125,
                567.0481924599444,
                0.0
            ],
            [
                0.0,
                0.0,
                1.0,
                0.0
            ],
            [
                0.0,
                0.0,
                0.0,
                1.0
            ]
        ],
        "extrinsic": [
            [
                -0.841102,
                0.216087,
                -0.495836,
                2.03443
            ],
            [
                -0.265508,
                0.633723,
                0.726568,
                -2.68608
            ],
            [
                0.471225,
                0.742766,
                -0.475653,
                5.56402
            ],
            [
                0.0,
                0.0,
                0.0,
                1.0
            ]
        ],
        "width": 1920,
        "height": 1200
    },
    "cam5": {
        "asset_transform": [
            [
                1.0,
                0.0,
                0.0,
                0.0
            ],
            [
                0.0,
                1.0,
                0.0,
                0.0
            ],
            [
                0.0,
                0.0,
                1.0,
                0.0
            ],
            [
                0.0,
                0.0,
                0.0,
                1.0
            ]
        ],
        "intrinsic": [
            [
                1012.4832763671875,
                0.0,
                983.6265166514713,
                0.0
            ],
            [
                0.0,
                1112.084228515625,
                583.8986137579632,
                0.0
            ],
            [
                0.0,
                0.0,
                1.0,
                0.0
            ],
            [
                0.0,
                0.0,
                0.0,
                1.0
            ]
        ],
        "extrinsic": [
            [
                -0.999631,
                -0.00426322,
                -0.0268388,
                -0.271563
            ],
            [
                -0.0239478,
                0.605018,
                0.795851,
                -3.0315
            ],
            [
                0.0128451,
                0.7962,
                -0.604897,
                6.2939
            ],
            [
                0.0,
                0.0,
                0.0,
                1.0
            ]
        ],
        "width": 1920,
        "height": 1200
    },
    "cam4": {
        "asset_transform": [
            [
                1.0,
                0.0,
                0.0,
                0.0
            ],
            [
                0.0,
                1.0,
                0.0,
                0.0
            ],
            [
                0.0,
                0.0,
                1.0,
                0.0
            ],
            [
                0.0,
                0.0,
                0.0,
                1.0
            ]
        ],
        "intrinsic": [
            [
                1019.2684936523438,
                0.0,
                941.159947901815,
                0.0
            ],
            [
                0.0,
                1119.11328125,
                558.2722483735997,
                0.0
            ],
            [
                0.0,
                0.0,
                1.0,
                0.0
            ],
            [
                0.0,
                0.0,
                0.0,
                1.0
            ]
        ],
        "extrinsic": [
            [
                0.024577,
                -0.419617,
                0.907368,
                -3.1863
            ],
            [
                0.418449,
                0.828623,
                0.371867,
                -1.53112
            ],
            [
                -0.907908,
                0.370548,
                0.195954,
                3.20565
            ],
            [
                0.0,
                0.0,
                0.0,
                1.0
            ]
        ],
        "width": 1920,
        "height": 1200
    },
    "cam7": {
        "asset_transform": [
            [
                1.0,
                0.0,
                0.0,
                0.0
            ],
            [
                0.0,
                1.0,
                0.0,
                0.0
            ],
            [
                0.0,
                0.0,
                1.0,
                0.0
            ],
            [
                0.0,
                0.0,
                0.0,
                1.0
            ]
        ],
        "intrinsic": [
            [
                1014.0838623046875,
                0.0,
                953.2284317619997,
                0.0
            ],
            [
                0.0,
                1111.6832275390625,
                579.5266486595501,
                0.0
            ],
            [
                0.0,
                0.0,
                1.0,
                0.0
            ],
            [
                0.0,
                0.0,
                0.0,
                1.0
            ]
        ],